Feature,imbalance_prices - Long_t+15min,imbalance_prices - Short_t+15min,imbalance_volumes - value_t+15min,imbalance_prices - Long_t+30min,imbalance_prices - Short_t+30min,imbalance_volumes - value_t+30min,imbalance_prices - Long_t+45min,imbalance_prices - Short_t+45min,imbalance_volumes - value_t+45min,imbalance_prices - Long_t+60min,imbalance_prices - Short_t+60min,imbalance_volumes - value_t+60min,imbalance_prices - Long_t+75min,imbalance_prices - Short_t+75min,imbalance_volumes - value_t+75min
hour,0.009980642072419868,0.00971040339801857,0.012922292876297434,0.009028535716432088,0.01102483271714118,0.013565512061133631,0.008693216363569945,0.008994614693380299,0.011920502138371376,0.008457387455680873,0.008547197449079249,0.011965515650870657,0.008190823317945614,0.008665844360861229,0.011568237861138187
dayofweek,0.029603657071528403,0.03138904597538931,0.013995007952217748,0.02739057832965045,0.026770075204417935,0.011131477345854363,0.021713130622512837,0.0253111420037676,0.010707969308039538,0.02430216266668867,0.0243770112732891,0.010404619067290923,0.03288168786851747,0.03195468813771003,0.0130070093587492
dayofweek_sin,0.00859945296915953,0.009869566048273555,0.006193765581203479,0.0058571325242523925,0.006236745556988353,0.007166886099948897,0.006615308479865235,0.006162264230122673,0.006273021421512567,0.006882986425306171,0.006779919124218395,0.0050976858012254525,0.007898355818658274,0.008641283887691316,0.00641671243050223
dayofweek_cos,0.008578121680096501,0.010190366629656637,0.009261329215769365,0.011337231226021685,0.009959959938743851,0.008390997989034076,0.013729484877520008,0.013094003224396147,0.007983753765125584,0.017079311422188766,0.019135918071493507,0.009191037264536135,0.014577325513819232,0.016859411102195736,0.009946629964332715
day_of_year,0.024635388451075414,0.02596424631336413,0.0495627489137114,0.022704617518001215,0.02343490781959554,0.06490082890260965,0.024317657194216736,0.025052104339019023,0.075979838416446,0.020984985985662206,0.023711243503908918,0.07538871894218027,0.018942821044649463,0.022602949960375554,0.06017832477437332
is_holiday,0.0036956299669000147,0.002917546520693577,0.00541389589093842,0.0033071216262087547,0.0029768239209757327,0.004310741216433144,0.0028801217543386885,0.0037585429255167922,0.004114711265030564,0.0019671024769043017,0.0026997179976997357,0.0037145072474521045,0.003363818666842235,0.002894685919443873,0.003521001707507821
ssrd_std_j_m2,0.0170921299673646,0.013753481530438877,0.00718465811227361,0.014012342442532827,0.013502703626319999,0.007319850985420998,0.01053894139946533,0.003632918542994048,0.04126216818462126,0.012634160193402976,0.006159655663946068,0.03589049602427986,0.0046181889179051725,0.0036567530330867157,0.017878716520921444
10m_wind_speed_std,0.00611931413894672,0.006029941193104605,0.024274249656118626,0.008455668686256104,0.005205851894568695,0.03025992898942786,0.00930369373283611,0.010707638466730713,0.030277206263825063,0.006777446611726191,0.007054306442259985,0.018028753051657985,0.005915167834618842,0.010580927068536767,0.020362050600226212
10m_wind_speed_mean,0.015975676544883754,0.011946456961028161,0.029118977785521565,0.008854891930968733,0.007074630017483287,0.013825532473445491,0.00350263595767683,0.005766701077956895,0.0069840997032360975,0.012759234180208296,0.01188440036161046,0.02001647971336206,0.015021198516726144,0.014412785968826029,0.024265229698345138
ssrd_mean_j_m2,0.005068743085424103,0.00535019106578693,0.021543645132594973,0.004400559513429471,0.0035721570693172,0.006954803428077866,0.006643659157030924,0.0033225649929227077,0.015542793966337967,0.015711969563912135,0.014669687567078654,0.041570926122105445,0.01261013135223766,0.009143666513940843,0.029809586411472994
temperature_mean_celsius,0.0034746794973984836,0.003269866478026415,0.013038019535959393,0.007001050518875218,0.0057618253235559675,0.009594174515895816,0.011100420627721179,0.012948223536851515,0.01808350810589036,0.008987199586892529,0.013186242103518453,0.019534745820914395,0.009193262829709965,0.010705092434199742,0.011958886696986155
activated_balancing_energy_prices - Price,0.005630544971791096,0.004860627012210898,0.004632253800431499,0.002345540134832845,0.001984560486843748,0.002572840186211579,0.001819656898894891,0.002108497003213415,0.0027278281736380448,0.0029485184962309177,0.0033840905241668225,0.002882926419960313,0.002938645761989392,0.0027608554372727666,0.002752531661907142
temperature_std_celsius,0.005722616468374326,0.00919758454940893,0.025180082817517133,0.008073794155376618,0.010106893178156951,0.035288822772956335,0.014776530100714808,0.011456696430230295,0.028600493047735653,0.004978829594284662,0.015224075513644493,0.024520741990039823,0.010280574001146306,0.012374345982374507,0.023809591530984563
100m_wind_speed_std,0.007737809619646441,0.007859610675594013,0.028029069065640216,0.007814910211526695,0.006169504437983051,0.02510392789942125,0.009747245208287495,0.010449071196810109,0.01513144112582495,0.008819307753870817,0.005695499181869309,0.016636268058326097,0.005918162704125279,0.005073417607316514,0.016220907759731746
100m_wind_speed_mean,0.005646016235223214,0.004525278895522206,0.01647200279054232,0.006463465590333726,0.007370277172763963,0.013973740117762645,0.011308434917531486,0.008617775343180256,0.00854536699210439,0.004493360430594294,0.004412140835607715,0.017964514881474315,0.00860402714337397,0.006005311740962497,0.008664968364819288
100m_wind_speed_mean_t-150min,0.007118728185079817,0.010601587101847826,0.008612711151559779,0.015491268387198944,0.006729861523999716,0.012796304093139043,0.008883872376354702,0.010919463283078586,0.0049127351568968155,0.012973289799530902,0.004854929055536559,0.00871944538061598,0.013547181934289255,0.01982715191677562,0.006230368161392107
10m_wind_speed_mean_t-150min,0.022326261321257333,0.016200505927721678,0.019877616129593663,0.01696113568583496,0.01034415742722922,0.012713592233230202,0.01443755157295891,0.018860372524686683,0.010244267139329168,0.02127515582704291,0.01814265199923102,0.02099479107913794,0.020524145547886292,0.015286489575446467,0.020785958107022454
100m_wind_speed_std_t-150min,0.011500729005500034,0.01095045590189693,0.03203332447172033,0.006511748488731427,0.008270171094683974,0.02013031012074498,0.008297219343374308,0.005786681215089629,0.007036897501442581,0.006291771987973334,0.010286057137914213,0.013585334824012535,0.006705838365236559,0.006157139999300853,0.017444679830223322
10m_wind_speed_std_t-150min,0.009791724057919055,0.006151374135100014,0.009551139700335625,0.0050170186650157125,0.0033004254515526556,0.005357625552373065,0.009725248991544503,0.011742759835993639,0.012445490717102076,0.012181905773140898,0.014926770152924292,0.01797906187856279,0.008678905151758955,0.011883812666237645,0.013035801624842861
ssrd_mean_j_m2_t-150min,0.015751645438329433,0.015113402519666124,0.03505702735134401,0.020195158427610296,0.020760785270234918,0.034008447843662,0.020294082447042457,0.013743624177048332,0.03373941700905561,0.01964371728594415,0.017834982859858427,0.030779583963914774,0.011724753398531903,0.01430623598602324,0.02809493837643822
ssrd_std_j_m2_t-150min,0.024231296961705083,0.01727023363137323,0.00830323410542769,0.015574796698281716,0.017014410499345104,0.006942601350886434,0.016290072983624667,0.01816586087226824,0.008567895173600277,0.01868364079789717,0.021566101083168178,0.006904524155914259,0.016474334390035893,0.012709098853749311,0.006919020434786944
100m_wind_speed_mean_t-135min,0.008918258804173093,0.005036231835627177,0.01492676921284874,0.0072909285745545276,0.004374538681278011,0.008664549162967888,0.0036453214180492068,0.00486713117281397,0.01621004395557611,0.002986493384318237,0.0035797252674019545,0.02041653038204822,0.0037081260789011594,0.004253219001938305,0.009611260756713818
10m_wind_speed_mean_t-135min,0.008790482640506525,0.012161454816145124,0.01512401067897008,0.008671961266742073,0.00691115230953983,0.005560457993925922,0.023333967945582117,0.016252986848076943,0.01960396969801286,0.01912898542813127,0.015658043315823305,0.020596664945594968,0.01508574981721904,0.0132210302206895,0.018276428793171363
100m_wind_speed_std_t-135min,0.0042306519343974286,0.00451115367410921,0.008005280729918013,0.00613016083211744,0.004697063541287207,0.007346283722990393,0.008324174941042657,0.010467033033381085,0.012000461651585283,0.012912733130798187,0.003957848978576294,0.008209409917963057,0.009942313887473573,0.004536325647024568,0.007785650351663207
10m_wind_speed_std_t-135min,0.010689929882737488,0.006890247518042998,0.005595286848980322,0.010882322628385737,0.010663751299252908,0.017469291429173608,0.020973047542895074,0.019215344297786943,0.02188036906895286,0.009128458644901912,0.010872979862956527,0.018077945717581315,0.005084590660669619,0.0027986539747760163,0.008706312384279954
ssrd_mean_j_m2_t-135min,0.015878885814061505,0.014588801861478715,0.006790158648864235,0.01272493654678692,0.012076837419823279,0.005826950243212195,0.009623572916478224,0.017742669136001497,0.006799780889239628,0.013383793673961917,0.01674529125414847,0.006787928206395008,0.01496869406065889,0.017543671831801475,0.00653644342626103
ssrd_std_j_m2_t-135min,0.01048176400076045,0.006472976896147884,0.026502796095825034,0.00606155184258023,0.005812705969638046,0.01929712342324274,0.0059543788722075984,0.005336750789690995,0.007761250573203142,0.00784494617364635,0.006488508745962463,0.011360770150315603,0.007152802120746486,0.008572486603986363,0.016067785011553495
100m_wind_speed_mean_t-120min,0.01452305608007009,0.009570322513378414,0.03340942034538603,0.003322316785917792,0.004990364116297542,0.02025565147497764,0.004316085884355744,0.0049418769761396105,0.017624454995049745,0.008925774929262843,0.010005498049837115,0.021651176844417933,0.005804161036830919,0.011354913024346387,0.03146039421262685
10m_wind_speed_mean_t-120min,0.005181915377215773,0.0038388159543092117,0.01155547862309777,0.005069958040476195,0.005084331349957211,0.02167689542187145,0.005534021005757495,0.0035114863300441355,0.010402169167937245,0.004713452609980778,0.004325736180038803,0.006624251519388054,0.004169277719576712,0.0030434659884285794,0.008368488719534072
100m_wind_speed_std_t-120min,0.004509898332749799,0.005579494948528009,0.019752643063344295,0.005984761230134382,0.003617960516446146,0.02372423460864957,0.007432383677180042,0.012746738382319564,0.02090248808018441,0.002894339826684618,0.005919900356013386,0.011581513582503249,0.003992540718671989,0.004279892460433985,0.012868012121638458
10m_wind_speed_std_t-120min,0.003913333566481469,0.003677119150709814,0.0250173755680662,0.0038961135003009986,0.003971461766217544,0.019865304106486292,0.002937534781633076,0.004199724046920892,0.012319404020076035,0.008568280969717307,0.005046164388026227,0.01604712937104341,0.006131277038824919,0.007990582247633939,0.026895729958996525
ssrd_mean_j_m2_t-120min,0.004084785875878879,0.00596324462814664,0.011977000591086836,0.004472854239760636,0.011543035186419729,0.009679833828660776,0.018907271185322316,0.013946660478268313,0.02322308761451859,0.016975754999977652,0.02677627969084824,0.028211608421814163,0.020201691322785337,0.012339641239203046,0.014519906714835088
ssrd_std_j_m2_t-120min,0.004072598733218456,0.006742336299294493,0.015900991454904215,0.004047823443594098,0.004369067442303276,0.004916602247874834,0.009255522549909074,0.00338123387630003,0.006241793043145662,0.006684908268216532,0.009834359275366297,0.013311273879960936,0.0051753363683599216,0.008674637460317172,0.010869290059628839
100m_wind_speed_mean_t-105min,0.010122641048833486,0.006403485124837971,0.03762614819133887,0.003520469750819757,0.0037822228539588993,0.028220880491600837,0.005859673001396459,0.006161119081247307,0.03693247517010605,0.015979359462769935,0.016544839352924102,0.04280969570601155,0.0145219851078582,0.011259874499953184,0.0428773726633226
10m_wind_speed_mean_t-105min,0.01335326999863173,0.008855348836907069,0.03458308399119414,0.00910147396784123,0.007696046828650651,0.024617784189351368,0.012162611369923979,0.01520501397494263,0.019162621117291563,0.01736499218379686,0.013941931174056663,0.03178043875927688,0.016196532338915857,0.015821162601088873,0.031295029602308656
100m_wind_speed_std_t-105min,0.0065347114780233825,0.007811164312689698,0.009305385452456903,0.006824260589331971,0.00393590828656761,0.008816285194669034,0.004869055602863227,0.0077552949937457925,0.010881470624022768,0.005043096375930873,0.005129199666434943,0.008213130681120675,0.012543078833477921,0.0068329952456250564,0.007962169811232343
10m_wind_speed_std_t-105min,0.01078607693828235,0.009862056285865492,0.011878111108366283,0.013691634711452934,0.012392714062894812,0.010780687043276884,0.004455638673766771,0.008271389387004092,0.011161433344066609,0.00376969961485338,0.0028750803169914434,0.01480033132625249,0.008866346495050493,0.00801818953217662,0.010824849728584014
ssrd_mean_j_m2_t-105min,0.020036030475399456,0.022327221509302036,0.02042728310232633,0.01708455517892071,0.017597959524660835,0.012730723584507359,0.021035810818302705,0.02109536649985239,0.01336389033627347,0.020996004813059698,0.019913061714454672,0.018779784312493577,0.022643230429210234,0.024011618581404038,0.018564855303426157
ssrd_std_j_m2_t-105min,0.016012192667731143,0.017021561938727104,0.0317236444723967,0.010417821336333873,0.0033675433424500624,0.02096668264135951,0.004365117515470957,0.003923861281690279,0.007909641155594727,0.003956581605038423,0.005533716344570166,0.008929928105935687,0.006267625715921895,0.004182216979223085,0.013129897075137705
100m_wind_speed_mean_t-90min,0.021377062006248705,0.014034598189227835,0.018989724380087863,0.013818377006360152,0.010587031167393434,0.014740846879786659,0.003458610224358381,0.004502822927155648,0.010814972095426582,0.009334902447366858,0.005857563673565892,0.009039777501151548,0.009992465681890963,0.007324618520018703,0.010770843761893047
10m_wind_speed_mean_t-90min,0.0035089399772555226,0.008532728038132063,0.010236293088239107,0.004568655756309454,0.006743823862593672,0.008771960672353998,0.003811625379146335,0.0036517885182706777,0.005568314908952743,0.00475591615699932,0.003907137229837644,0.007744220507076534,0.005513525061977362,0.004870558880884346,0.008389187559561834
100m_wind_speed_std_t-90min,0.005555437485105358,0.002863891206032349,0.005733497670064026,0.004009971723257422,0.008693808979229289,0.0067585495177590925,0.005767614946038521,0.006956394289394666,0.005210336282921617,0.009862116912700003,0.005767937357726623,0.009283718312713973,0.0057036817044645435,0.005455479644606839,0.007367192071085811
10m_wind_speed_std_t-90min,0.016904734894509603,0.020323019892384765,0.01047989600233086,0.020124722133172325,0.01849301371938782,0.012328863914986868,0.024552886798970577,0.023969319734576857,0.018768192510928202,0.01984359911186766,0.024868578142515616,0.011512567263038363,0.015895345821648334,0.01200850549453753,0.007866967727735754
ssrd_mean_j_m2_t-90min,0.011099793265573681,0.009273109564674087,0.014605260009418999,0.015262008742894977,0.013985420548056937,0.02501153461531794,0.012764132877888187,0.01789190378537387,0.01446610767949096,0.012647952522303968,0.00928755018603988,0.009995769008586649,0.01477619338716613,0.011728187795524718,0.0141533705478505
ssrd_std_j_m2_t-90min,0.011976330863020848,0.01028979889668699,0.015083676854257646,0.003827017598105158,0.007113542315597442,0.005928613633234818,0.009725286003187648,0.008694408269638644,0.014571489534326246,0.005626827977626817,0.008966987788422557,0.015690314420947288,0.007856280805666756,0.003091726875626591,0.00964254921898646
100m_wind_speed_mean_t-75min,0.0082956092260265,0.01083851833521112,0.016514457340934315,0.0037750633582336376,0.005517558082368851,0.009099243226475665,0.010693766264586884,0.0031607965248958863,0.005485077226447174,0.0076055976415764235,0.005595004473481822,0.019156968568837328,0.014847178141884796,0.012583974908164236,0.01590917731814261
10m_wind_speed_mean_t-75min,0.012028401884519552,0.017993494626818575,0.01095446199826256,0.01122117258948856,0.01184522827917317,0.009914684045745161,0.005956699670598027,0.012691566216835782,0.016544584099593976,0.009927506824187731,0.012528355613460008,0.009727148257064982,0.010962357473152225,0.01370267995309041,0.010914951950562682
100m_wind_speed_std_t-75min,0.0069443039380958,0.005484079499139625,0.009255921437623328,0.0025940752302303738,0.007545328004398471,0.014604543057255797,0.005265904495613541,0.0020929536825358354,0.01627934774426103,0.0053245518222593095,0.007405012049833203,0.00614962166866826,0.006158760801448352,0.009779961985934279,0.008237133934288068
10m_wind_speed_std_t-75min,0.006411958738950488,0.004876395340368617,0.009444160527777058,0.011645407871663337,0.004250836653314763,0.010144753312430112,0.0044044781083139245,0.0035068433205196923,0.005932133693966989,0.004190795524520581,0.005581653927893967,0.006118054629841936,0.003937069729754342,0.005302298740716651,0.005384562268967784
ssrd_mean_j_m2_t-75min,0.008720094529048766,0.0070569573808388665,0.007801588987706964,0.0062142088339496694,0.0063800585546596265,0.010474270287319086,0.005974084854438843,0.006596189980569761,0.006154347722458624,0.009531773188020452,0.0036610259710596438,0.006804378054956033,0.004490597356765647,0.005136682057051076,0.007418482112763741
ssrd_std_j_m2_t-75min,0.005219257659238793,0.007759888304563901,0.01262644497444512,0.003998916242042469,0.005326946470247094,0.008118992410811187,0.006525888606520311,0.008028806630632289,0.016285471500712446,0.004357512591640123,0.004381654262652773,0.007780466422231257,0.0059018543190741185,0.004887628891810891,0.006342513368508662
100m_wind_speed_mean_t-60min,0.0034503151108092427,0.0028981529006132404,0.007111662553536007,0.008123065904233954,0.008517296886566328,0.009308131776662776,0.016105622643619425,0.01819751258438919,0.011521912105556111,0.009671063551347288,0.007743221798387822,0.010598011409332685,0.012926604085922009,0.005889823831934336,0.00752602246387687
10m_wind_speed_mean_t-60min,0.006513918487058618,0.014248276762296883,0.031292945090855936,0.009690553868242205,0.011019067412973527,0.023850710098817215,0.005709596504332467,0.006724751703155562,0.01189328945489251,0.010526390769897262,0.006808290137239965,0.016213233934089657,0.01694366042970705,0.015179943290488608,0.037122898950812666
100m_wind_speed_std_t-60min,0.004346917125699293,0.004364345597041392,0.01774640331224873,0.004587742350952794,0.005358895963083341,0.014975138656358468,0.0051157152765927095,0.008869825046218466,0.01895294696142082,0.010380860378746547,0.011974378737970255,0.01344441201556765,0.012041295507187896,0.007812129496061971,0.01261854416585993
10m_wind_speed_std_t-60min,0.003395080258439748,0.010466492278566875,0.004811032282370433,0.004823806509988571,0.011921600310880421,0.007513694998706342,0.004905181125897798,0.011279266968043884,0.00411333234074391,0.005213617859338228,0.004382892293886471,0.005632020068758721,0.01038441125501413,0.009874565201815585,0.007010123373256647
ssrd_mean_j_m2_t-60min,0.014453199470357505,0.018208066453385983,0.03773137251022854,0.011010421333696285,0.00977264972624107,0.026784285610949154,0.004879165413746705,0.008396846637508133,0.021389492237503874,0.02096715281944489,0.022363603190693086,0.03748090440624219,0.02673406231269473,0.021027816941408674,0.03257953608504613
ssrd_std_j_m2_t-60min,0.011365051400835909,0.005637804527332264,0.017183050732593984,0.005153827577792982,0.005556530220165086,0.01475549655957002,0.004842071410690551,0.005062814376135293,0.005347871129641134,0.015144981840785476,0.01418630160743487,0.026960823184839684,0.015207483281672467,0.015172906214080285,0.02165323171759519
100m_wind_speed_mean_t-45min,0.007270845204517627,0.00842582166056809,0.019491348135437875,0.014661890256125843,0.014412350026221248,0.010908136185701096,0.02159365942516888,0.021998469457277677,0.012329309917160572,0.009166262660590292,0.012399618859999463,0.021497009298225747,0.006604261148026125,0.006149533113400821,0.016148839356115788
10m_wind_speed_mean_t-45min,0.0049968622030282855,0.007527181216149984,0.020819090210192372,0.002639184358280545,0.007835142432020803,0.01974598504253663,0.007904461216181517,0.01478440462845174,0.005178057318447827,0.003137341051377007,0.008097948083544906,0.004512674604358836,0.002766686614810169,0.004676128938983311,0.016904056420222788
100m_wind_speed_std_t-45min,0.008317162167390051,0.0054727879545462205,0.00931625813482242,0.006455013928080007,0.008234838727297075,0.008305228664517926,0.007911782928556932,0.01056639192174589,0.006249589633262076,0.004021047499274573,0.003684345639516323,0.003805031191044691,0.007529825788802555,0.0060702212541646075,0.006164039241300998
10m_wind_speed_std_t-45min,0.013366309641904082,0.017557632755764642,0.024737752218163222,0.015237141232340946,0.011176947931504401,0.01571481841203058,0.005098387456579076,0.004192878651554352,0.007543402158904428,0.00443358719023854,0.004543671753656781,0.00795415599756234,0.008958170376361523,0.012027368023758754,0.013299372654964827
ssrd_mean_j_m2_t-45min,0.024078613535526528,0.02295536988483218,0.0453238410957274,0.01699845021022793,0.017838363171409584,0.028710716236790175,0.011504844820243306,0.013148258205408637,0.011659052453709592,0.02005240831511037,0.019249054000421893,0.020473390846396797,0.024550546463477076,0.025218682571081445,0.02996854762517614
ssrd_std_j_m2_t-45min,0.01960509066162922,0.014019858391293383,0.025120707254623995,0.013886117259717138,0.016562206805400364,0.017853040141562814,0.0110418000286154,0.013300114064346417,0.005619349588353543,0.013321010121784639,0.015310623629789915,0.0062287590879641355,0.016144133784124277,0.014613722555077402,0.015996606240856637
100m_wind_speed_mean_t-30min,0.004815040567857977,0.013911488135156105,0.027139747755922143,0.0077039319322339,0.009469179300300312,0.011788498176494614,0.014781551384265186,0.01169558996023261,0.010317870539820433,0.0032628016196330238,0.004248342915649119,0.022157167215074876,0.014535103978138068,0.009653678424051577,0.03148912372587802
10m_wind_speed_mean_t-30min,0.004604704172053061,0.004360749054059852,0.015486572636267739,0.0049864807352569184,0.0051376441483594135,0.02642259518519859,0.007744647634259309,0.00472729262750363,0.00997785974535509,0.004872470683021674,0.0068745808247149395,0.006346671079301359,0.00901560959120161,0.005444408696459504,0.009848332222522004
100m_wind_speed_std_t-30min,0.010795774368356433,0.025754800537153642,0.03228558215178782,0.005063373997965755,0.009858119861430169,0.021798538992385146,0.010095386689208681,0.00822634597618071,0.035646606817330395,0.02141491804386169,0.01511620707835391,0.03938389924081957,0.025439685471530537,0.02342205649727839,0.02618136030927417
10m_wind_speed_std_t-30min,0.010418559728161199,0.014259504078989266,0.008925659297252423,0.005714835392993336,0.011905094898614152,0.012870310678401439,0.01101430737679766,0.006612475231144345,0.012791584064787458,0.011437116543362208,0.010459860295311955,0.01385803967582615,0.011883278433175291,0.013260066058304801,0.007827318788102958
ssrd_mean_j_m2_t-30min,0.0025216204110777196,0.003227251816242642,0.00957245871424675,0.01008371913517567,0.014529660100612091,0.03603195162807242,0.005958345900052563,0.007113724820461357,0.03455024610285182,0.0029395022471962874,0.0035603387433004625,0.015274998778681038,0.011896200602524915,0.005459565724708227,0.025378674960666103
ssrd_std_j_m2_t-30min,0.014936185756407212,0.00845230903092488,0.007729439724484109,0.021102621701953466,0.01802752172266779,0.026108476023942784,0.003462692435427016,0.004082618820856624,0.005853643931457555,0.0028626765492463166,0.008023204516091937,0.013098848406312754,0.004264940178087272,0.006476295010264949,0.005251093162049983
100m_wind_speed_mean_t-15min,0.01745522186079779,0.006576289848026135,0.007164794223186618,0.014542204085707453,0.00941358711396606,0.014729332010101643,0.004586514264360232,0.011184383368573662,0.01173231671673625,0.009803442797150638,0.006279901962767326,0.01438465956703294,0.0040103994229039016,0.00915053532400907,0.007892503982586277
10m_wind_speed_mean_t-15min,0.0049263858124459145,0.004364451308097159,0.02326229761852301,0.00994900623014837,0.0035127600625655757,0.01865025782372686,0.008282223440728558,0.004479604002468477,0.008786624792331622,0.003973889051727156,0.003981860866275383,0.0134939116000387,0.00414423876881483,0.006796627728630483,0.013960353061465867
100m_wind_speed_std_t-15min,0.006988304072088795,0.003965867027459353,0.013075512747185712,0.008212366792286048,0.0038807396691263422,0.02000669478533382,0.004850175407587812,0.0039466328359694675,0.014106073651426413,0.0048710211983716365,0.005337107446641312,0.01184406305740049,0.004379219385215947,0.004811624514955838,0.01235257661855576
10m_wind_speed_std_t-15min,0.005303629455134797,0.010185133123646665,0.030067401496566164,0.00730676490330552,0.003424496433238346,0.028280401935146075,0.007615167591038699,0.007026269050385963,0.04007799204339972,0.01136167053537065,0.010121803946087311,0.033875628530280665,0.009772468323244538,0.016545504434022404,0.03222251583111938
ssrd_mean_j_m2_t-15min,0.017364316195256833,0.011898154269445512,0.017672963626497222,0.004507047766112464,0.003656545646110317,0.009196126508293673,0.010170903143171017,0.0063059540561007455,0.03187055218650494,0.0029359695251502983,0.003154281553777764,0.014653361766628223,0.008105922612827271,0.009070887867652346,0.006923188502569246
ssrd_std_j_m2_t-15min,0.02685455973292119,0.021744370380883084,0.059074268979486075,0.008789521762984805,0.0066257933945817055,0.043409289789327885,0.007699556936573572,0.0070477314056406615,0.009551788962276988,0.004929962410751614,0.009037298043585907,0.02376051268474839,0.01211188144813059,0.016458892192331404,0.045907251652621196
temperature_std_celsius_t-150min,0.026019045408058446,0.029026931081818474,0.023096770992706298,0.040292632629147195,0.04654049265550611,0.03530830997010344,0.04200982758433383,0.04013355782914732,0.024736057493049884,0.039399174397920435,0.03525424327043584,0.01567206399796123,0.03807808445757837,0.033488368975711634,0.02950988290047826
activated_balancing_energy_prices - Price_t-150min,0.0012679865333630005,0.0013328690680991712,0.004268576145715087,0.0015625833180290555,0.002238009873146439,0.005340722644847119,0.003663505902933139,0.0024048264033845043,0.004958291635284695,0.0018488063641652842,0.0018763206983851432,0.0023850054986342003,0.0016891720830194573,0.00202806617229362,0.0027592667920453093
temperature_mean_celsius_t-150min,0.005664626189933188,0.00549877237639339,0.007215067534832997,0.00888355441170279,0.005812020134108024,0.006230348383192905,0.008581384966777477,0.00796618856551504,0.011074797840570682,0.006140902862714029,0.006785802768145004,0.00766861376932502,0.007403328511056316,0.006601726978955412,0.00690188348893571
temperature_std_celsius_t-135min,0.010875092759142717,0.007312475373571942,0.02343944965740957,0.004029231055976197,0.004849899342663775,0.03165820812626043,0.005395784959968296,0.010299648940552289,0.03513167724039522,0.004785656845439007,0.011006543077299284,0.030613046344362373,0.017170391505449516,0.013400309060249128,0.02257298237731993
activated_balancing_energy_prices - Price_t-135min,0.002172746941794685,0.0018101143625181067,0.002406178454073597,0.0013366131779421267,0.002189901338191703,0.0020050678562802205,0.0022443737406920264,0.0014318909554640413,0.003135430811893457,0.0012028295491077188,0.0016725795002967062,0.002044532047055327,0.0017922023887622345,0.001679845342763656,0.0020413774964035836
temperature_mean_celsius_t-135min,0.004016852075322277,0.00579583608025132,0.010589098058793753,0.004075820566900802,0.007523004410613794,0.005015700705567724,0.004647689338456076,0.0043082299814414,0.008908970678414334,0.006732716855638501,0.009061837667355575,0.017123807997061362,0.009958377324176183,0.006653607559714146,0.005940984185725028
temperature_std_celsius_t-120min,0.023789743425440976,0.00936701827889101,0.016380160759405953,0.011247760690639552,0.005140851121133892,0.030246856208599637,0.009170537775164122,0.009236409379222096,0.02390567858608301,0.015148295402694202,0.025720629018818726,0.010126193734276968,0.01788092328381026,0.02398906231331057,0.011447313138840343
activated_balancing_energy_prices - Price_t-120min,0.002474589332814503,0.0015330940009343976,0.0012021362090345064,0.0008090435661674746,0.001310481257213496,0.0009728299444593631,0.00172476285637822,0.0008931024615351362,0.0016898419356580234,0.0007154861958774745,0.0008825551815325525,0.001653812044070264,0.0007550080006670896,0.0015227382712067977,0.0014107839489624894
temperature_mean_celsius_t-120min,0.002572259427101017,0.0030573275400884088,0.006873347975380966,0.002847115228408256,0.002962258115860891,0.008367063415984376,0.012027300567505336,0.008332523957782542,0.01078635794404363,0.0034976665368351405,0.006961832169230547,0.006606985098711448,0.003426916947692547,0.005482598704937686,0.006542906065344141
temperature_std_celsius_t-105min,0.0050417619997724615,0.004901312780340049,0.00822660285681195,0.005313193982452504,0.00747022990476762,0.009071674941673337,0.010565695771760147,0.0051467417196663515,0.008529403515385638,0.0060598743067093895,0.005873380347438797,0.01294195926213638,0.005365075256824639,0.006760207544949935,0.013851278854846896
activated_balancing_energy_prices - Price_t-105min,0.0007949962382872399,0.0012296103351654892,0.0016456676453958608,0.001644810590938505,0.0009121454682056082,0.0017026868590437516,0.001453843210889545,0.001786568469954773,0.0032616627524912475,0.0008289038760108269,0.0008261366696519872,0.0012570550713155626,0.0007359210681286754,0.0009097250863251247,0.0014146748321945779
temperature_mean_celsius_t-105min,0.00894415138180193,0.010174900651421922,0.007521370290343839,0.008945205408344918,0.011676778451968857,0.006759352556437079,0.014309405473300103,0.01686947275893908,0.004823907029915062,0.012103527391460376,0.01785485564271585,0.004337058170833188,0.008317083832989737,0.006458017752920569,0.009457989043356065
temperature_std_celsius_t-90min,0.026581525937392145,0.02111174074995506,0.0077800596249762745,0.01837009180599489,0.021146512541981792,0.013001050143480825,0.024033654736500466,0.019985119211487472,0.008583060664344885,0.017160935044394136,0.02158531189696805,0.009340545299239692,0.01918417031768331,0.01800183298214827,0.011531605326104909
activated_balancing_energy_prices - Price_t-90min,0.0010319548807908633,0.0009633961314186194,0.0013266650524628857,0.0030993711972114395,0.0021978584889329796,0.0017377367210610827,0.0029963934315746883,0.0028445195575550314,0.0020501653062256083,0.002490569535515533,0.0021542891729541226,0.002594523970174123,0.0032629227761135555,0.0012580866647549556,0.0014894973979226052
temperature_mean_celsius_t-90min,0.01310673450494869,0.01026281222311809,0.021578825132659404,0.009708049537432088,0.005583480851193372,0.015299850598958983,0.004175527294522908,0.008080988595103918,0.006035184903103072,0.011205787989281816,0.011119159106070583,0.017293411090344307,0.015066493459882622,0.012828516450448661,0.021240678477086477
temperature_std_celsius_t-75min,0.008561032185013574,0.009809127188204002,0.04306481898756465,0.010177559782383468,0.006259528543225315,0.04013684944133274,0.0072058407881395396,0.012895252103327948,0.04070842846038431,0.006326122285894599,0.008481549435706255,0.03917807228205493,0.015666754695579585,0.01017671687996426,0.039542107551198566
activated_balancing_energy_prices - Price_t-75min,0.0015745685068322929,0.0009093243201223232,0.002569364130348731,0.001268962776974149,0.0010558000040687147,0.0026061328896394118,0.002484583531797398,0.0020212594295562665,0.0025923061192443127,0.001975107465252222,0.0018575099072622833,0.002088885637935164,0.0010947963915264153,0.0013336474835305126,0.002837019728125597
temperature_mean_celsius_t-75min,0.004409954093669512,0.004909979460586328,0.006135320174282242,0.005951515110638865,0.008834613970662758,0.010599356645054285,0.009791617373419286,0.005236703838694666,0.007745768557938163,0.006502176613401389,0.004751688797083261,0.010647969853307586,0.003980004362783802,0.0034265180722941294,0.006780490590019553
temperature_std_celsius_t-60min,0.02468484699452529,0.02275897439025357,0.03625958696273301,0.023047792440920603,0.022889241485587263,0.03196328637372062,0.016799731655461073,0.012571712766803102,0.016733708265644964,0.008152601570196566,0.02440917480207099,0.018671208615473008,0.021849897114472695,0.021347935320867692,0.013370694706183713
activated_balancing_energy_prices - Price_t-60min,0.0006815211855900997,0.001107702926341517,0.0029870863522182844,0.0011589190785410892,0.0007701966955110038,0.0016554416869935266,0.0009789657070568012,0.0007288975431624749,0.0018669582668148904,0.0015043186059119761,0.0012065862985746207,0.0031697764855925926,0.0010394323643076859,0.0029081121597646416,0.003632442788724802
temperature_mean_celsius_t-60min,0.016049024540721803,0.012033194312196429,0.007776365690297098,0.00973513324900705,0.009683404919784153,0.007989998940945953,0.005501469781550497,0.0039356918212870365,0.007050263813340507,0.014377460516727296,0.00669494215622035,0.007463151394516899,0.010677019469820607,0.01371219048697094,0.008936015846609848
temperature_std_celsius_t-45min,0.018901153195154622,0.009650178417101415,0.012216317177599195,0.009640815052266589,0.006602806510643859,0.008529465873257322,0.01180865066838669,0.004327682753132649,0.030297020040263304,0.012788220865644689,0.003473147505311772,0.013370369817668688,0.017599071578822987,0.00985464179531482,0.012260235023029963
activated_balancing_energy_prices - Price_t-45min,0.0016327718074123823,0.0016780821816996649,0.002157031021393777,0.0012127054849893283,0.001189590460776344,0.0033698191866897106,0.0013775980237450084,0.001351254914170795,0.0019470260097314168,0.0018803406102024382,0.0016474704725455921,0.0020058196240149754,0.0025858833433644577,0.0015042451476820133,0.001986287041010655
temperature_mean_celsius_t-45min,0.015767107695515734,0.010892855827725725,0.030579611599532656,0.009943690171734488,0.01522381608618889,0.03053151704549964,0.009277465701990877,0.007678845321090194,0.024025121608380686,0.00870971803854627,0.013766036210552557,0.02570111851758702,0.010982983670206522,0.012072471139152186,0.0254914395402011
temperature_std_celsius_t-30min,0.007203401503004898,0.004418024082228158,0.016940724842163035,0.0039598930111969825,0.005336892389030709,0.028023550385245472,0.005058676148739324,0.007092135749786394,0.020101808709596297,0.004745901163683812,0.006006513315831398,0.015332375116864569,0.008661560621460921,0.00523079853571835,0.015349921854616696
activated_balancing_energy_prices - Price_t-30min,0.0021288859053165653,0.0012158901386320339,0.004174188686076377,0.0010058285935780305,0.0009381432681547608,0.002673191431487794,0.0009884139760299605,0.0011790638694274093,0.003287591476604575,0.001297996258301282,0.001382673595947381,0.003018602239604661,0.000996236752698735,0.0010760029769918446,0.0029865260394545887
temperature_mean_celsius_t-30min,0.004165287822723258,0.004396483999624252,0.01971879443416401,0.004452108159876843,0.00425823404914172,0.015277612979509286,0.006367910899120034,0.005198729575102334,0.01702244888718269,0.011130761851852185,0.006388482660230693,0.01848039945960045,0.006857577745689923,0.006251419248896127,0.021855022304473094
temperature_std_celsius_t-15min,0.008024369095148814,0.006157345516371606,0.018279393619001893,0.013130733145750128,0.013624244555197947,0.0500675742438616,0.02903598354384303,0.027266151602940228,0.06532237661787076,0.02003812617136282,0.011064305915708644,0.03521441664274607,0.006741450094873926,0.00538428587881549,0.030512199820092064
activated_balancing_energy_prices - Price_t-15min,0.0015969931895015179,0.002920000087819062,0.005942439244594425,0.001041417652992095,0.0006371914124665637,0.0032970815482112814,0.0009029314743299892,0.000749181290843353,0.0032701513511128725,0.0012652780655798778,0.0022314901507343166,0.005917844440322369,0.0023659658112446776,0.0016453550744736276,0.00478743375488557
temperature_mean_celsius_t-15min,0.013080884669390797,0.013739187164515897,0.016009343642741442,0.012948595662511707,0.017749983909747243,0.02034270158271829,0.008570405361622761,0.007936991265723918,0.004406996231773519,0.005978354287764887,0.006390179695008555,0.007117096584990122,0.0073804101019968585,0.012494848261550033,0.010177638613810814
imbalance_prices - Long_t-300min,0.0024450944158629683,0.0023626289246622034,0.003702338484197753,0.004573847015088404,0.0022198856684963173,0.007386425421160311,0.0024262897574762973,0.005057926970537665,0.007679942328481047,0.0024568366607386452,0.0037166343420485647,0.009731408670393649,0.002219388445468212,0.0019386870199573423,0.0034055161287119516
imbalance_prices - Short_t-300min,0.0031368069614859735,0.002390586194746902,0.0030821704199793204,0.0032559844826666904,0.00209256024856586,0.005015074640683451,0.003958894815325948,0.002734174957081905,0.003774982366534914,0.00766922045269348,0.00509012581989964,0.006173784319315019,0.002318923960381653,0.0022173551048335865,0.002813430734168378
imbalance_volumes - value_t-300min,0.0037274690365325684,0.006217234110054506,0.022342277973469663,0.010900415445554245,0.011176236166244052,0.03426831559056882,0.003185566687116648,0.0036650950105722585,0.007197111126474283,0.008603424665216153,0.016618742973165353,0.010527789880787168,0.004391861110541868,0.005895883031715357,0.023796197340622712
imbalance_prices - Long_t-285min,0.0036336610251491946,0.0023071046900131477,0.012333516145401518,0.0026656903224384224,0.002770744625026964,0.013920861359405534,0.002117692490779518,0.002654652927348252,0.008578088276275594,0.0033265864570930716,0.0031974987231722027,0.013869486933544976,0.0037371232611585585,0.003941236833619996,0.008666472179756966
imbalance_prices - Short_t-285min,0.004642766022840078,0.004339794003248244,0.0186421816881666,0.005495223952112148,0.004604439361153709,0.014077271173569897,0.0034565066451905297,0.0036158413637022023,0.00780820337604564,0.0052599080916661475,0.002891118136829391,0.00675416179804597,0.005109781823095546,0.00431879323647081,0.014244128672260558
imbalance_volumes - value_t-285min,0.021041326380040117,0.023774208649178036,0.0494304022876313,0.00353714261321511,0.005452378012772897,0.014520622212634407,0.010174110436541923,0.005627690135353987,0.01728774044308375,0.009817368736492426,0.00519008470825429,0.006113461740267666,0.02718581762190297,0.023595281720958157,0.04089108966580534
imbalance_prices - Long_t-270min,0.0038336125547141363,0.0061810749780875085,0.0031202741143695222,0.0021357468771504955,0.0024019338782381963,0.004071460824514929,0.0026303627909064742,0.002582492535608765,0.0037704919006209823,0.0047018697204730415,0.004629100775877305,0.008544675632356303,0.002253873633693729,0.004088019740171148,0.0027967345263232345
imbalance_prices - Short_t-270min,0.002023384600586155,0.0038223215901448384,0.004085243959490981,0.005304076878109299,0.002969065018784022,0.0056809951658724454,0.0029292693289498855,0.003295522600325512,0.0034531444560514045,0.0039017629922686865,0.002770670303108943,0.003193464324564275,0.004029711132681314,0.0032481865881923114,0.005594443370620866
imbalance_volumes - value_t-270min,0.008588065037159595,0.006142571659427631,0.01898841434231872,0.004649564384931182,0.008103486828767928,0.008772336583409925,0.004395982348458347,0.0043959085699752905,0.01639445899291377,0.011513413501295873,0.014425170697146314,0.031012167663626314,0.01157823328084487,0.00516865620731005,0.01975478348751312
imbalance_prices - Long_t-255min,0.003239060466545197,0.0036869049100823757,0.0029511119210583274,0.006366859193774872,0.006749702478991822,0.0030517665022198343,0.004709119392424327,0.0032578244026735775,0.004080096346436676,0.0025201647301219053,0.002925296018340305,0.003226697363970743,0.002359893454808116,0.003954802408366959,0.0026961017632911536
imbalance_prices - Short_t-255min,0.0028172569093586615,0.0030549111636973976,0.006453609209580463,0.004569568077389704,0.0031353167385950657,0.006918136917384686,0.00581717052609747,0.004994649577223526,0.0067180247951873755,0.003152305277722917,0.003127031778979244,0.005751492919658631,0.0026383334016379647,0.0024601674135919893,0.008261473828169982
imbalance_volumes - value_t-255min,0.02557715561211444,0.02827997640313697,0.05122572043302352,0.006401277356904757,0.00305763528307088,0.010169001231705806,0.011008684611093486,0.005902354178153928,0.016580542649549897,0.017844958199941176,0.01640016325142278,0.035491412643285,0.02574577691333252,0.024408207328393473,0.050315217545226915
imbalance_prices - Long_t-240min,0.003917010844575998,0.004767366276446865,0.0031346821801998886,0.003102481363883271,0.004493626708965167,0.0031249413747361813,0.004184444777517456,0.003959446545217361,0.004213467838071665,0.003188583615668449,0.004108664454830432,0.00326733078122561,0.003238196864196652,0.002782268235711399,0.003521058236955696
imbalance_prices - Short_t-240min,0.002183952218750164,0.003272209987995666,0.002991491930874872,0.004039461204686404,0.005073296526208651,0.007739337544364389,0.0037883586045370523,0.003092739537722082,0.005159203334173071,0.004349234220310791,0.008786415100657904,0.0045460814514751745,0.003068530651093056,0.002535168713609437,0.003416138742882595
imbalance_volumes - value_t-240min,0.005944143364304182,0.008033961062987146,0.008062776813956589,0.00450095596017718,0.009432724531241547,0.00901926740919589,0.004653352248992632,0.004199117516042861,0.010729913777046022,0.010774792560192509,0.012013948233867268,0.03201015905129316,0.0065322629075453735,0.008381851842666948,0.006719535659520261
imbalance_prices - Long_t-225min,0.002849304020179261,0.004295174939923527,0.0053417088341848286,0.0019708712143947198,0.00220134268071115,0.005321133985096821,0.002116394623672022,0.001927136371024801,0.004902439630375738,0.0026467856237592288,0.0026628550158056897,0.0026892516276493554,0.002269515632900948,0.003729542303251378,0.005644590609843362
imbalance_prices - Short_t-225min,0.0028344947798623252,0.003149893333345972,0.005722299299856332,0.004597696089775127,0.001999451057962233,0.009713667656284088,0.006506199555437888,0.008751423292393156,0.018780934608490497,0.0049493859188442,0.00460395041619995,0.006224703431871603,0.0020038562820690943,0.002554016844554553,0.003205300937323045
imbalance_volumes - value_t-225min,0.021128441226219364,0.019929086757695585,0.05612212027460919,0.004422765799838998,0.004115923772558745,0.02463069877828093,0.010601966256188462,0.007083526343642006,0.008558711736681289,0.00768979348661378,0.006846752729077707,0.020539167499533505,0.015871844231849536,0.023630376470755436,0.045223716774929014
imbalance_prices - Long_t-210min,0.008165441017114063,0.011450401914215036,0.006597911741320786,0.003815563948379349,0.003509819074494317,0.003948402118533067,0.0037237331846434927,0.005174518767718837,0.005532465297965246,0.00698925388083444,0.008988652240799639,0.008166470384505374,0.008988929714301775,0.009716752746971907,0.009967786721041193
imbalance_prices - Short_t-210min,0.005040423260873467,0.007994924770202487,0.00671590417327684,0.004303552117267827,0.0029165451529734126,0.004963528338390461,0.002204296832793034,0.0026990296500771366,0.003935379778486549,0.004881313277199979,0.0030486478030812237,0.004278398998962075,0.0052201980902573265,0.006679688459118552,0.006421289799298392
imbalance_volumes - value_t-210min,0.003364446062223351,0.007035912063587602,0.00909367469987899,0.003085765816028925,0.004015113127995846,0.009541165080438077,0.0037577711488020215,0.004572031573472486,0.0049507336019032665,0.010831025510357221,0.004723158590144522,0.01804137308635836,0.014333211855744593,0.01140347780967204,0.01339258438685647
imbalance_prices - Long_t-195min,0.0031026923365934634,0.0028836951411710743,0.00432064548624021,0.0019624259871873165,0.0019696495819255234,0.008610475334320654,0.0036750791492468123,0.005874535044273216,0.004561937356676936,0.002792348057617346,0.007755461203138111,0.003970109754627629,0.003046017827442938,0.0021993069237141753,0.005151069659592168
imbalance_prices - Short_t-195min,0.00469481242717211,0.0035777284562209387,0.005802146280169836,0.004149760286233686,0.0031808109326724432,0.008281745779422636,0.003422338256086732,0.002571271858163527,0.009038284417685645,0.0030395365051406314,0.005016758943627792,0.00438383964113109,0.006574773642394575,0.006673631081793275,0.0070582997724513916
imbalance_volumes - value_t-195min,0.01011618118694605,0.009366949259920147,0.030687162149188225,0.0026774524076099626,0.007246778341508616,0.014316438572233891,0.004520774602161964,0.003097955465575069,0.006220835291340336,0.007895954150016905,0.008425361035959212,0.018664100741814765,0.017327138330707384,0.017609539344368385,0.02665710296604084
imbalance_prices - Long_t-180min,0.007946054110259865,0.005076451167748019,0.01754734971790458,0.004117280043171377,0.007276443724060983,0.018346736318701005,0.0041949688869608506,0.005049799492682723,0.013598489963565953,0.0029775520239390973,0.0046160551314605985,0.009053142715059949,0.007444736168377858,0.0055554985674098134,0.013383871829505551
imbalance_prices - Short_t-180min,0.012276830379931198,0.007334695772569831,0.019847148919012396,0.005679296480873745,0.010148497316688009,0.016418515760880836,0.004968318885767075,0.006636181848924025,0.014940125421140692,0.003887018152759083,0.006389706521229528,0.010273945711425767,0.0033685823130126663,0.0032421551655288567,0.01123623663278704
imbalance_volumes - value_t-180min,0.01969002364564949,0.009550720062789765,0.007369407714533736,0.012483537217980484,0.009399181096741814,0.00683033879193556,0.0032865950315710962,0.008657627746168146,0.007227237191298627,0.004720453214446025,0.004029527584005745,0.02118286520845868,0.0029477026376007417,0.006809345538461912,0.004646185770689044
imbalance_prices - Long_t-165min,0.006384210322324179,0.006245678485869576,0.006527175813243957,0.007551896406655942,0.008779884235293139,0.01065979238589216,0.009552595959921745,0.006103871078546944,0.008911312754957634,0.009338478528996347,0.004460507808245893,0.0060128354316439075,0.0040223156698630195,0.006883333554742421,0.005933800310773449
imbalance_prices - Short_t-165min,0.011667672177631176,0.01385875649917216,0.012498306467445219,0.01052348173212522,0.007631578161846847,0.011545378856699245,0.004193563392627766,0.005949798467807341,0.006231067994776822,0.008344124038419977,0.0032382547867046015,0.007660168707539924,0.00783786658551253,0.012693134387340252,0.010628385026538126
imbalance_volumes - value_t-165min,0.005536029612800121,0.005856306259040139,0.007859631734005234,0.005474190827409985,0.005789067306508514,0.004761491697696328,0.002817824276735337,0.0031190906774736502,0.005202369376547722,0.003955922370188091,0.0040107151818392596,0.007447784165822668,0.006248379430337081,0.005989236536977842,0.009264657914458439
imbalance_prices - Long_t-150min,0.00872747686348066,0.012083979510571226,0.009998353169659822,0.009422490977662165,0.005880949486501251,0.007981504738447257,0.006220111112435916,0.007513862590803911,0.00586506313937025,0.008842121593959746,0.00684852092627807,0.005598513167069541,0.010804677636591806,0.00789057546148979,0.004052544066467135
imbalance_prices - Short_t-150min,0.0050870058580130715,0.0035994897670186673,0.006191620630801481,0.0038909125873460653,0.004175824754365294,0.0064834149564630935,0.005088315584729116,0.0062298255069017615,0.006650954244105378,0.008057552291731555,0.006596629681896502,0.004990740988742118,0.006558386927023093,0.006304406093133366,0.004159671220609198
imbalance_volumes - value_t-150min,0.005378653238509287,0.005452109383707466,0.007577438027070684,0.003703163768647755,0.003984304295376205,0.028798756022562884,0.01008919394536133,0.009950093268307682,0.03669091901316642,0.011572218210741994,0.00882942360790912,0.021521561875022598,0.012168105252218083,0.010056994073758688,0.007753036426057406
imbalance_prices - Long_t-135min,0.010787624727778165,0.010750730370171368,0.021143667839409318,0.0033324875343423628,0.0030571470761699402,0.00428307105128215,0.002869298643286584,0.0030119284286756736,0.00415069320474322,0.005224623579371837,0.0035966371024624094,0.007796682380023412,0.005092250349225651,0.0106618952035642,0.01878949182940414
imbalance_prices - Short_t-135min,0.008326584244168772,0.009111579561722465,0.02518418650631793,0.0034426054308314634,0.0037695225089846643,0.007126757738922606,0.003645649726675401,0.0037937069612271443,0.0052412651151053065,0.006420810828909452,0.004287656621963834,0.012893768899179122,0.00842225466988475,0.009880940104812908,0.023860373911389614
imbalance_volumes - value_t-135min,0.016317995734007128,0.018006388247755238,0.025384797004106986,0.008347268698536936,0.011913390157191315,0.018191881568423923,0.007077173006622616,0.005806227367235806,0.0069987837170701825,0.0038626154074049737,0.00824615273612062,0.005369599517634925,0.011008807812129817,0.014243856080298429,0.016191721502113524
imbalance_prices - Long_t-120min,0.007003197613752491,0.010043586566313933,0.004325177363584771,0.005551692385213755,0.00575957858678521,0.0077694157038185946,0.010176088179199724,0.009552070046192967,0.005736164705672991,0.004352373447909485,0.009716999369127734,0.004849097520519536,0.005924161874529318,0.005417107505960302,0.0042203762634994745
imbalance_prices - Short_t-120min,0.005202461283159209,0.004583179326942627,0.007285084930779703,0.0050891631713611786,0.0033772107537424745,0.004847511979494811,0.0036362318742758364,0.004573178694547096,0.00579380613075773,0.004740224400326497,0.005091145081853029,0.008082568102807271,0.004545613162832524,0.005700372724888439,0.006642840904596596
imbalance_volumes - value_t-120min,0.006977379624877358,0.0035619111295236506,0.020873721797710458,0.014172842778993071,0.009624057747587358,0.0067396727339182685,0.011734986269504588,0.010289324934984051,0.0070644085287295865,0.0036485029584664517,0.005083096037167707,0.030887002395167656,0.006505870854198292,0.005150479158797225,0.02511135098466548
imbalance_prices - Long_t-105min,0.012948802065802739,0.00969964172152686,0.007677386968669452,0.01362250140735705,0.015981258306652306,0.004300563575898195,0.0057959231753557106,0.009673304616531823,0.010657681958888134,0.006658345989158079,0.007015539093030384,0.007013637488518725,0.010924411157340727,0.014571345639247738,0.0033324304772868346
imbalance_prices - Short_t-105min,0.0034975700106906517,0.0038212946625617405,0.0037302265948947026,0.009930431818547731,0.007925637337619832,0.00941380736994688,0.0032279883045484895,0.008189733098726719,0.004292799010630915,0.002922772124894436,0.0031025249923251294,0.004419157413667563,0.0038278401048137314,0.008044423160041333,0.004084702767841463
imbalance_volumes - value_t-105min,0.01808289331661945,0.013267174934500418,0.04425877626953297,0.006080120409785195,0.004467629104988191,0.008445545090310588,0.018323281080432935,0.009805767552294129,0.016880585084564245,0.008721839698242547,0.008086275069295426,0.004999848100444069,0.004325620722054737,0.0035724110819901397,0.01982434699773876
imbalance_prices - Long_t-90min,0.010654425544817058,0.013874779569803649,0.01627289878454121,0.01388995513865666,0.008992292621314846,0.01929981474395754,0.007736473181234033,0.006448939526686445,0.010437955472229078,0.007349513069289969,0.01035066488123266,0.01278530788893113,0.010007378399808657,0.009938910496937752,0.013742473220398097
imbalance_prices - Short_t-90min,0.005653786410053726,0.00402395356343186,0.018238975457235938,0.008237766680504138,0.008506933410220881,0.005240120238129748,0.005030583424060751,0.004772218223166419,0.00937303888192764,0.004874490949517167,0.004774516523695638,0.01601412892754888,0.0035530236317295022,0.003834743013510888,0.013019616698438768
imbalance_volumes - value_t-90min,0.019400051249569516,0.019410436685662717,0.04060689716534398,0.005057376807055335,0.004027987117860903,0.006200977715532644,0.018646315503734513,0.016197382920254313,0.033200424254784595,0.030609236701915506,0.025552177918296365,0.05234858572701342,0.024535965651040898,0.024832004506897647,0.04066130875474482
imbalance_prices - Long_t-75min,0.003425690120951913,0.004494827556205564,0.017534032190755625,0.003573997798305072,0.003282822290200784,0.018955272753104508,0.003969074122752773,0.005853550237425224,0.01389121828370844,0.0024420911476900073,0.002179620966325274,0.01653098864520507,0.0067409296927180545,0.006367559028984033,0.012179015714253182
imbalance_prices - Short_t-75min,0.004619634746959491,0.004199300162335931,0.0057498112614193814,0.005786690897743028,0.0051363288848128835,0.0037612685734247863,0.008291064684326556,0.010523631673582712,0.016911614911026846,0.006766678311649571,0.007782982056245601,0.006888358687461732,0.004976400638115592,0.0037605086390685755,0.006986228736954217
imbalance_volumes - value_t-75min,0.0589468132029433,0.059901512459415246,0.10351917770357977,0.03702465282567027,0.03434059298294233,0.06819250532114529,0.01716173604078358,0.021836482512684597,0.02619234626145044,0.03633392571476861,0.0357131715430296,0.05927565630513709,0.05041494262396191,0.04747910548234358,0.0824571622126532
imbalance_prices - Long_t-60min,0.009053874398273366,0.007757460258064384,0.008509613885010823,0.00501806453098834,0.0047360023051005555,0.01739931181175825,0.005195686749641027,0.004410694963633432,0.014491877536100218,0.010530901098049071,0.00785518173116725,0.008366084672928991,0.008303973326497726,0.0046633921524608015,0.006034795149729689
imbalance_prices - Short_t-60min,0.01527886464688345,0.01601082656053768,0.008242744046612642,0.014742675481917104,0.011592021531228966,0.009781909596573313,0.01938193478010362,0.020823750174138695,0.006367045497994695,0.01846973140310729,0.020954252396710216,0.011178997586655897,0.010244247010770778,0.005408663996626956,0.0037837894443377993
imbalance_volumes - value_t-60min,0.00807194017958318,0.005041229472630221,0.03592024548309564,0.01689020577532938,0.023693922314225346,0.008212782350667112,0.014600148913254089,0.011008661834137456,0.019076577221538174,0.011559963195453746,0.01034074914806115,0.06483645607717335,0.004747581763253038,0.005561797202084563,0.029695498140936253
imbalance_prices - Long_t-45min,0.03358564501415822,0.0369371901833365,0.028881697778080705,0.01669062003174622,0.015773226128003442,0.004670074753750668,0.008109553926914032,0.00838575632926586,0.017133353344266654,0.013358909401809796,0.01604174889213027,0.005947614087075635,0.019477690237399658,0.022744273422998958,0.013277679499442457
imbalance_prices - Short_t-45min,0.03545647468603238,0.02950333118962226,0.006758298135027871,0.01601877723968073,0.018346956690904335,0.01157453935732974,0.012055245694521545,0.010368505603226368,0.02042034997069277,0.01561085867415386,0.01625042552272498,0.007923094389398103,0.020975595965093817,0.02094301634164003,0.0053496682128852625
imbalance_volumes - value_t-45min,0.05396010336604377,0.06299508164547296,0.19428906167391688,0.02324775356333703,0.019608372652786785,0.10456877622949651,0.01104441208235221,0.010683074245687749,0.04541450860206533,0.018789986522040635,0.018803708231096606,0.09132285004544247,0.044092686830073946,0.0451154025556607,0.13422569776084856
imbalance_prices - Long_t-30min,0.029724700908642262,0.027203115364449332,0.0043805802008819224,0.03286499181165709,0.03405340081680333,0.01918400532452506,0.018933676351374742,0.015875216068845475,0.007451247703599506,0.013846457542851567,0.015293892106430576,0.005808469010011777,0.020905079286341787,0.014108062784478534,0.0038439215312971557
imbalance_prices - Short_t-30min,0.01623756365572626,0.015320890814487939,0.01223723147317287,0.024951296186916806,0.026515498226589784,0.004812209009316575,0.016456477703672135,0.016791894822810717,0.006762599803055082,0.01184003885713446,0.007635757523510619,0.020932196753798052,0.006055929847701918,0.010117177091038683,0.01444122273704852
imbalance_volumes - value_t-30min,0.026733274791011355,0.023649639120558275,0.13872889118496096,0.0430868935645849,0.05120824354328215,0.18779171379940818,0.019887683341556113,0.021539483001233747,0.12196264727885137,0.012361470319438012,0.009905322014506964,0.09102851294333232,0.01516179643823125,0.016816887833549118,0.09746870960714296
imbalance_prices - Long_t-15min,0.038636714354695866,0.0415971753023332,0.008467130788281792,0.04385443884507913,0.0450281589498627,0.006035217203323555,0.05277094758747262,0.04945476063608657,0.023214006009033256,0.03366952475140715,0.03193787319760304,0.0069036636201999495,0.020151142242131756,0.025796041745332333,0.006363124909595171
imbalance_prices - Short_t-15min,0.05039755282225087,0.050519657536118756,0.007733192706635236,0.05040072487908765,0.04869335140331032,0.007693443761296237,0.05488407372404345,0.05591417955185716,0.022773126967949794,0.04145761749759248,0.047859420818756916,0.01343082815166781,0.0397809147554799,0.03826641362538794,0.00872919496571194
imbalance_volumes - value_t-15min,0.07938258572173072,0.07480602442615782,0.2679587148895953,0.08725591818708563,0.08538810136122629,0.28995430497104824,0.12863619657832898,0.1254135095020756,0.354899825212196,0.10477217069354083,0.10767231217403606,0.2900780344921077,0.08875645882949539,0.08002971618119045,0.24714659401052633
100m_wind_speed_mean_t+15min,0.008965648225930635,0.012637013791652862,0.018769305603796964,0.010737384255937286,0.01000364472148067,0.022083404543642247,0.019700053247463073,0.020054391363912145,0.024403290515845583,0.023666217528836568,0.02112711901066359,0.027719530194037362,0.017676522059482523,0.020257389009930193,0.02361666675568267
10m_wind_speed_mean_t+15min,0.012983728839822106,0.013719143085471387,0.019897847550178996,0.012065276180655927,0.006222097734609634,0.009316351260198644,0.012935331681528623,0.01779912856818737,0.019347353909106458,0.018964392355903328,0.022810483935347292,0.02953219588947468,0.01788883463724778,0.02241279502496036,0.02613280952711648
100m_wind_speed_std_t+15min,0.007350209401949541,0.008429380225625664,0.006448148666491761,0.004716779706039233,0.003965659589155166,0.018449027047821802,0.007427251746383263,0.008884773808471436,0.0240082012602943,0.005304427522380138,0.006195243213165668,0.007474709595811873,0.004794173985719681,0.004255083592257506,0.003918414153613412
10m_wind_speed_std_t+15min,0.006361994090411827,0.0054083199049428,0.007230899013337421,0.0027537250618670443,0.003549657516849038,0.006793829883658873,0.0033187435064610327,0.0033390230743279973,0.009879151315501076,0.002867043072596061,0.008596373304873851,0.0075831128069071664,0.0037525211993074663,0.0033730972149678563,0.005128503588968669
ssrd_mean_j_m2_t+15min,0.016282653505535562,0.022146485222430783,0.0680535689532262,0.008158906498676516,0.003097162727808154,0.03318636637626332,0.004291946531182475,0.003607290001833462,0.009518301737844013,0.0063172366808867085,0.0067170947942358904,0.03054760741571954,0.01991682418160781,0.021803061804137543,0.0523195107105214
ssrd_std_j_m2_t+15min,0.012378244066745538,0.017622040710146395,0.0463562862270046,0.0037389340474501295,0.00494649722826216,0.009004281562672986,0.013037957533539157,0.005423045805949186,0.008232477858993207,0.007669852634691779,0.010861816374832415,0.011986328349143151,0.029533810639171862,0.026147648025631496,0.04111227549982141
100m_wind_speed_mean_t+30min,0.01725299003112559,0.012764545869635185,0.01802258249503666,0.010624847913288249,0.012231726338355656,0.015875745846831706,0.009761262199179327,0.012144085121261014,0.017129114005598238,0.02074821812764276,0.014823292713041156,0.017686649688549095,0.020617753508406167,0.012984619227827352,0.017172601952639525
10m_wind_speed_mean_t+30min,0.0033106608829766627,0.003720152579418027,0.010044133629230146,0.00437595769644031,0.005807493801608871,0.006048528901046666,0.004750791867787484,0.008025948936930944,0.024571519984259795,0.0052795770364466536,0.009934649498085492,0.0186154291691455,0.004000361332760803,0.003416390931624392,0.007979593122450751
100m_wind_speed_std_t+30min,0.007451868734442542,0.006481553331998612,0.008906903498633255,0.004313615333218877,0.004267633866482356,0.005664594847316039,0.006522319088606309,0.014382778069062624,0.013912171136922552,0.011632609303618665,0.010222131544585863,0.01715019701456913,0.008633142153926656,0.007955272424484974,0.010321318937945762
10m_wind_speed_std_t+30min,0.013241268128353113,0.026220659170037835,0.024697225519576024,0.00981203067117167,0.007980760031026875,0.01220946974128674,0.008269488464608003,0.005131028135883753,0.006873816138060647,0.005097650126656845,0.007565128381105751,0.01183812946180842,0.009223782706640123,0.011599420024602295,0.016502115589470123
ssrd_mean_j_m2_t+30min,0.004813446867968424,0.004102910468373011,0.011081875781882446,0.004624661713271053,0.004014986564987339,0.01777283425675705,0.005536735031576882,0.010731951561698224,0.006602309161098674,0.014176193040148064,0.015964050144671317,0.0055534765352858815,0.008488792157412718,0.008326978534008959,0.006471297122158603
ssrd_std_j_m2_t+30min,0.01706911448764731,0.01792221155840889,0.02382808800364728,0.0037385725160474976,0.008503960388465202,0.005490124720538916,0.0119419188612992,0.009138749881905824,0.02820453460371573,0.015195263980393066,0.015015631642760126,0.030187527736183255,0.01326279417000478,0.009764691223550472,0.020325649684411473
100m_wind_speed_mean_t+45min,0.010347246275821818,0.013939312060541852,0.007470847047570715,0.005624326996099626,0.004463112612792429,0.006739459300548333,0.004828199788904385,0.009803360949879788,0.018821580882271517,0.005375083635311966,0.003948913068357797,0.008371969929481566,0.006273855919906964,0.005283048317549337,0.011348894936105353
10m_wind_speed_mean_t+45min,0.012705264814745532,0.016284683082760695,0.009310633420594967,0.020441842688436736,0.015088047932636982,0.008978419306644355,0.009482325585238868,0.012558647885831305,0.009982310302913902,0.007977495947754504,0.0066798850007608055,0.013905750849764736,0.014346101968236326,0.019585545630019623,0.007666111497441307
100m_wind_speed_std_t+45min,0.008797500334496363,0.01259827792827855,0.02775965750802243,0.013175416198209859,0.017976096103357122,0.03430438743915874,0.02053337393036054,0.0176185185908289,0.039300736126257105,0.013581300051268045,0.011020563958911225,0.026741023618436884,0.0113503991604357,0.013205349508691143,0.03103475843166234
10m_wind_speed_std_t+45min,0.012052569815539755,0.016719617501308674,0.01842691135313362,0.01443061397112615,0.009810067532795074,0.020214846333408785,0.017437285675972816,0.02006697062193416,0.03223471873975359,0.018215812156428,0.015167635411988612,0.021238773484918056,0.017356199026529795,0.016505594742309768,0.021034521737543402
ssrd_mean_j_m2_t+45min,0.043177672006073406,0.035615259370941205,0.06045338706974872,0.0216521726953506,0.020149361222283915,0.02640252179122581,0.011307534761872375,0.01256649303555605,0.006477205214498099,0.030296514395595296,0.02991374382050708,0.035892384272519846,0.03706500431423774,0.03819137401983608,0.04649941711087013
ssrd_std_j_m2_t+45min,0.030134159343608188,0.03100766557103634,0.050808586090861356,0.02710085162852556,0.02949820375967829,0.03847538158048701,0.006514838677723673,0.01739980961344554,0.007747748591194977,0.018967257524462183,0.015572623147558261,0.021238891462797255,0.029712440605959272,0.03425246881393832,0.04439424866597983
100m_wind_speed_mean_t+60min,0.009154091306590999,0.006011756745839875,0.03017842206315254,0.006835591377988749,0.014155781423731242,0.019232173472355497,0.004239372837291739,0.009364264176128926,0.009753002613520039,0.016767299105709753,0.008844061016890236,0.01627151475752544,0.01271937113066474,0.018540909316972828,0.026708134712378522
10m_wind_speed_mean_t+60min,0.017888326213651454,0.02246564148431935,0.007342539456195482,0.01299305185639969,0.010949582370505596,0.007485194362530819,0.016696524299251905,0.013526464815906365,0.008132563486401522,0.011953097896701365,0.01375920910151035,0.0085564685663594,0.018804803085775347,0.019400096430035773,0.0076869793674377435
100m_wind_speed_std_t+60min,0.0026479560267289345,0.003035228922974056,0.0043195366097061195,0.0035987068743488634,0.0035269947135458325,0.004947853974857025,0.00267376810370655,0.004231333194489708,0.004696853371398902,0.004756582944342881,0.002337066495660565,0.005067453440627105,0.004555337544712529,0.006103812472498248,0.006979545653040987
10m_wind_speed_std_t+60min,0.012048428708294524,0.013076842281294375,0.016938047425457625,0.014052473379653747,0.01238308350198531,0.016453293087193743,0.004597802903590491,0.00318190936035262,0.00526518321464755,0.006303958155076544,0.005192655471946636,0.007296975552318145,0.00891355044906959,0.0055673019618725445,0.012507122395878924
ssrd_mean_j_m2_t+60min,0.009589491004301181,0.01433216995447583,0.018942269253137054,0.011938303969043773,0.013848894944254425,0.020508781295415248,0.004906548374234262,0.004988068064085383,0.00767532000285064,0.007059858350812647,0.005156937087667415,0.013855628672259626,0.0071681180047269205,0.008872752213443164,0.007125165796539477
ssrd_std_j_m2_t+60min,0.006566552563170262,0.008128388918325073,0.009525594819167964,0.013034268720046384,0.00861065323607545,0.008957675288722385,0.015193847100876155,0.010809386811626609,0.01286255123000592,0.004253323955461383,0.012963961528250365,0.010408095188176958,0.00534655150703793,0.011805942081459762,0.009763044552042629
100m_wind_speed_mean_t+75min,0.009165826343749359,0.00918382349483727,0.028923686385678594,0.017676148295909116,0.011229380380623297,0.03403649367307662,0.0069511201715686186,0.009836215364142845,0.012865072213640815,0.006217376223707106,0.007843271561316215,0.021349192160640088,0.006986101095491904,0.008336745127303856,0.018057630251958473
10m_wind_speed_mean_t+75min,0.007256183412523569,0.00421484256518579,0.04558039167172683,0.0031656527870836727,0.004677421763237362,0.031893932521192256,0.0059867906297022275,0.005465259088588482,0.016346240698854674,0.00750428017735976,0.0028632790778888194,0.014383313779578202,0.0034018577777451355,0.0037307075952730884,0.02219258891219215
100m_wind_speed_std_t+75min,0.006788317848273436,0.0054072600917425,0.009754549413439235,0.006961429471193697,0.011504305436694267,0.02423242683740682,0.003876693681845154,0.011666340838986797,0.019883804437558866,0.00418941011953575,0.00406554571054221,0.014206661408170475,0.005874322634786949,0.00433347721345092,0.015962308910358162
10m_wind_speed_std_t+75min,0.005386224788715481,0.004396878480212763,0.025179099474349643,0.006374674985532692,0.004026912534722214,0.009193003802526164,0.011622544669735361,0.010513532847122406,0.004942150848388337,0.006687444331502775,0.016390917249028462,0.00514438604083989,0.006000636734725049,0.007514669697920908,0.015993671815813286
ssrd_mean_j_m2_t+75min,0.01362543837584235,0.010732939257621183,0.03380898347159382,0.011321655942534562,0.01524857999458618,0.007992403867210668,0.02382900332096324,0.023865551934017275,0.027857021554664244,0.013571852706416393,0.017634708758876513,0.009819339578687504,0.007049662330680803,0.008157488193926837,0.027019858202314936
ssrd_std_j_m2_t+75min,0.021231267616851256,0.020865460292887293,0.0424453069367446,0.00323974856269615,0.006753581425342417,0.007579447153983892,0.006463455395944038,0.006002887960310545,0.022567657214778592,0.007237290487966675,0.009285152183460014,0.008604109706051532,0.01989701419852645,0.015964239280699986,0.034096249755122696
100m_wind_speed_mean_t+90min,0.006352830304145755,0.005054950698090579,0.013599372611835862,0.0026100776721098384,0.005468361631523294,0.009118320864588896,0.006218009762109432,0.006758065451002039,0.012354323836734692,0.006652332666230904,0.006117470348418458,0.015545015737228824,0.004370906300533534,0.00442825401319044,0.00970308965606091
10m_wind_speed_mean_t+90min,0.013540012412829584,0.01749097823844204,0.05157703843154013,0.01479652199211705,0.017214425313627317,0.043071148212533446,0.021839234197730546,0.018634338625575765,0.05874955719704303,0.028456393875851062,0.029828694312422157,0.05598806672813953,0.018677560413692847,0.012549638103097095,0.04113850141334115
100m_wind_speed_std_t+90min,0.006488600865375701,0.0039165863522994185,0.012028510083197034,0.003600898230411076,0.005918393289628966,0.008058570777793648,0.009596961133545847,0.008134283891478845,0.011787887397389568,0.004367934028142827,0.006694036096731672,0.009252454303241392,0.006322444860281394,0.007054685552913725,0.010094471427546523
10m_wind_speed_std_t+90min,0.01208857260509103,0.011418458986157929,0.012991966076489916,0.01240124543159618,0.013213638732543586,0.009369023588951676,0.005454004903342138,0.009512896641434053,0.009137412367141223,0.006167330913151091,0.008304705275546439,0.013773044788205879,0.0034105495925136893,0.0031836672561803424,0.007449902471502355
ssrd_mean_j_m2_t+90min,0.025810725328017724,0.03441546970705894,0.027537341705447034,0.019407251434487988,0.011542884108261205,0.0064838389092892615,0.026630082097588458,0.027972704563464505,0.0250269900351268,0.03332129398803227,0.03305386660050135,0.036418247504916505,0.029325822127939317,0.02925431662934716,0.022496907385066153
ssrd_std_j_m2_t+90min,0.006149588591523752,0.0071103532568236,0.00800744937554009,0.005082226087754407,0.009391278457420412,0.008884048893145518,0.010971770944306626,0.013202124119692599,0.02504046357504558,0.014630059671209892,0.006445369804157963,0.03137616194004659,0.004943610969479778,0.009434607896067973,0.025981161180301568
100m_wind_speed_mean_t+105min,0.0032318551591697543,0.005428657634256524,0.008351701609506563,0.010835475882689934,0.010967761552790762,0.013962362914237018,0.008540011409808358,0.009406635682038086,0.012078919826788478,0.0037436964474977684,0.0037967184335975616,0.008974741089823511,0.009852091340650076,0.003922494055259449,0.00873477725319026
10m_wind_speed_mean_t+105min,0.011547211038060824,0.00992380985712225,0.050241264211341334,0.007323076823949123,0.00826963017383241,0.035501094440871385,0.009859692174868541,0.012755088462625281,0.04473379508385551,0.011995670980670184,0.01656566272944474,0.0482144514368847,0.016720207033795304,0.008415365315158851,0.043553645179439625
100m_wind_speed_std_t+105min,0.00949633796573471,0.0031246767792235913,0.006806621308827175,0.010928456103341602,0.008814079245003086,0.006411616045574192,0.010726751545391381,0.017128843830287222,0.008602419728828864,0.008291078768887928,0.004798067252729197,0.005338141063407875,0.004301965552336697,0.004827946481624167,0.006921060458247666
10m_wind_speed_std_t+105min,0.010226579810667318,0.006482629727516723,0.010458246510110257,0.006509264176682336,0.00630637031536753,0.006563459162178333,0.0057270848527841735,0.005620001200557454,0.010458631250899998,0.00916151520384301,0.006495392555028957,0.006016477710380059,0.008495251484608161,0.007342535811607377,0.0062058341885935986
ssrd_mean_j_m2_t+105min,0.05705198437764193,0.06193765016342513,0.10038845848038909,0.04628213835932547,0.046519846051436615,0.07482385781023186,0.031168444683717097,0.03577420996985165,0.03940927876386559,0.0461269863282796,0.04413870202912949,0.06282154152923612,0.0627645403102506,0.05826306324219331,0.08255022081959759
ssrd_std_j_m2_t+105min,0.03461839543664246,0.02849496161553543,0.095418452663871,0.018755844474668264,0.011618948314071986,0.05741206048196182,0.006408453320699664,0.005960486887479874,0.015082620254193898,0.015751856865972514,0.020454700551177665,0.05553466701581783,0.038031610846170225,0.03779705949802883,0.06528685556352139
100m_wind_speed_mean_t+120min,0.006100407225494564,0.007349755805822497,0.010780906088861229,0.00680167633122619,0.005498654949464253,0.011704058051065658,0.006188930421594705,0.005844491349136661,0.018740369065971436,0.005663755127236073,0.005848565120533749,0.007446161430707434,0.006785394360298597,0.006879025199291391,0.011651504276130709
10m_wind_speed_mean_t+120min,0.005165432642996166,0.004141351810367269,0.012016763289415394,0.0032315302233207033,0.003866002804463278,0.013254636025827495,0.003761742778318876,0.003530874744952598,0.010895788436508156,0.007049475900348625,0.005273766955164319,0.00969875088009576,0.00413713046673729,0.011725343659947611,0.014136205354938284
100m_wind_speed_std_t+120min,0.009583486990246456,0.0045781683308850915,0.008380213646800257,0.0042061352657160565,0.012183109479607082,0.016703040434629658,0.00764546829357937,0.006836604019445076,0.01678838848646592,0.007432880420579749,0.008264283258751675,0.026622844242097925,0.003998744905773492,0.005621173863356034,0.007946798675620812
10m_wind_speed_std_t+120min,0.003911042210729193,0.01059289373629872,0.007602448524525244,0.005827137749656685,0.007706774349844636,0.01313671743728628,0.011746146780671552,0.013410890473365725,0.023363048903818708,0.006441495213306325,0.00686737811435205,0.01895954779344902,0.008343511653802125,0.005088980412073397,0.011074504704127321
ssrd_mean_j_m2_t+120min,0.007125712830049451,0.007522454785581431,0.013920074037341692,0.016178009881346954,0.021856072521040916,0.03285808939146227,0.020731180955655872,0.016610618202539628,0.032423663108376785,0.01964646406422253,0.01458282269744086,0.01674863355033449,0.023076733155467082,0.01922064800671069,0.025112961533712223
ssrd_std_j_m2_t+120min,0.010956302619873895,0.012991842786323104,0.017759294891351602,0.006678074394505529,0.008168603916245047,0.009636035965930205,0.014826286291790893,0.017733694243417177,0.014498596003177227,0.014822443928278518,0.02225573365695891,0.027764369903972692,0.013602658328192773,0.013971795219450996,0.018351084743248067
100m_wind_speed_mean_t+135min,0.013445844781457708,0.020724597574168002,0.029840205483887983,0.01835856612171392,0.021270286660810597,0.030030744092247916,0.015035030732840824,0.013689652034325263,0.026266808227584988,0.011808533172245006,0.011692257777463964,0.02315245779053657,0.01035469278787059,0.011374284337125572,0.034377846554270945
10m_wind_speed_mean_t+135min,0.00893550797973876,0.0041366208688086775,0.026949641734543547,0.017654761686117126,0.009491862362447137,0.00868064936259907,0.011433932808809914,0.01475384508879506,0.006579780264612055,0.01039916510240073,0.012095575161176384,0.006533238828880713,0.004536624418578867,0.00874168533545162,0.015449892805656418
100m_wind_speed_std_t+135min,0.00530639599053211,0.004682830151561575,0.005038037166641516,0.004439822891599079,0.003971846496764556,0.004780250887280999,0.005426489011526428,0.0040011412287866786,0.007191580681424966,0.009143112740646758,0.006210595532384105,0.01079639359828434,0.0036457275326629316,0.0028405625573905127,0.009746683449979173
10m_wind_speed_std_t+135min,0.01960536118102027,0.021295966245234013,0.01150394047107693,0.018417101169497074,0.0158693150843028,0.008510539753719059,0.013573676554326085,0.017568979994670372,0.011233103135222336,0.013586154727439861,0.017876447349761293,0.01602819605315017,0.021554355220214347,0.02651971292055714,0.019062308979118824
ssrd_mean_j_m2_t+135min,0.02246954465649469,0.015158819312156993,0.050910723289416634,0.0039106844076632116,0.005456703809636565,0.024134244842862244,0.004796070274071099,0.006816781196277589,0.01703147309200722,0.005014823760122908,0.010461894102561927,0.02694849089824129,0.00905718783003249,0.012470871057041222,0.03906697821372506
ssrd_std_j_m2_t+135min,0.054257869265740735,0.06514933418247529,0.07775326506322017,0.04307264076783031,0.037955404028587506,0.050219512796145865,0.025850100791154546,0.03275664986632546,0.030666876135917846,0.04010177952516824,0.0373508490776876,0.04719270323189267,0.04886145705159288,0.06012142553308513,0.058061083737527955
100m_wind_speed_mean_t+150min,0.008816555771307322,0.018891165942302904,0.008959464485065837,0.006177605038835963,0.0058110945327835,0.01073750306321017,0.005615400397065969,0.006481420515653554,0.013164037885479048,0.005957170937705087,0.009700142821697228,0.00668846181673689,0.01745840725524613,0.01004741419464699,0.008849772707355442
10m_wind_speed_mean_t+150min,0.017780891282054654,0.00683634757623804,0.01632315479100913,0.01276423994392826,0.009792826451175643,0.01802312161446025,0.01718796627199481,0.015323107795513352,0.02696180751635984,0.016335691262953332,0.021081635008411467,0.02596505015194998,0.016715233517894376,0.011833040563043141,0.015625640950405795
100m_wind_speed_std_t+150min,0.007684314794467355,0.004048455964142704,0.008461812644949532,0.0038972772789784356,0.005633958479371358,0.006108692704747227,0.0074561625155411095,0.005899554073304898,0.01235634302509834,0.006807919119067719,0.0052589597035057525,0.00967613138013985,0.004882255949753016,0.004023690582291465,0.00946449127485539
10m_wind_speed_std_t+150min,0.015625785511307187,0.018597201065553237,0.01281999609538616,0.010116015020827035,0.013219018981399131,0.005502078436145893,0.0035670317022832025,0.0037505531119168154,0.005425678681569479,0.005896687096483219,0.00338277512379409,0.011239067032431193,0.0038666538135221345,0.004742450255245785,0.0106894855521532
ssrd_mean_j_m2_t+150min,0.011112549842975567,0.008876748152710206,0.023248498629778624,0.00730507122171366,0.0067578453498790625,0.01497057732247049,0.015723433855084294,0.017039085758875444,0.016930893710174134,0.02492184916041151,0.0255719277200551,0.04315570558271429,0.026434172032473724,0.027000207537959797,0.03476557809440419
ssrd_std_j_m2_t+150min,0.030447747140293357,0.027251193579868414,0.03178742552328913,0.04297601784742437,0.0388941193211358,0.06483049327670597,0.03397956909568165,0.035424186956108314,0.06029225399717689,0.02590036726614926,0.02240360926184803,0.03741000753620756,0.025811736166382614,0.022441616708572382,0.030314769643126054
